date,portfolio_value,portfolio_return,benchmark_value,benchmark_return,active_return
2023-12-01,100000.0,0.0,100000.0,0.0,0.0
2023-12-04,99910.08350735082,-0.00089916492649178,100192.32676589258,0.001923267658925809,-0.002822432585417589
2023-12-05,100067.37492983165,0.0006737492983166504,99974.66842125842,-0.00025331578741583094,0.0009270650857324814
2023-12-06,100395.17979863219,0.003951797986321948,100359.7295529399,0.003597295529399025,0.0003545024569229227
2023-12-07,100302.48722968907,0.003024872296890635,101319.40086438351,0.013194008643835131,-0.010169136346944496
2023-12-08,100087.6331127212,0.0008763311272119712,101002.8014189911,0.01002801418991095,-0.009151683062698979
2023-12-11,100341.001753016,0.0034100175301599034,100755.46376338796,0.007554637633879535,-0.004144620103719632
2023-12-12,100445.27615664573,0.004452761566457353,101269.93031400439,0.012699303140043972,-0.008246541573586619
2023-12-13,100720.67341619043,0.007206734161904205,101626.09714192462,0.016260971419246095,-0.00905423725734189
2023-12-14,103236.48666047791,0.03236486660477911,102199.92231447902,0.02199922314479008,0.010365643459989027
2023-12-15,102774.14808708528,0.02774148087085293,101556.84290028158,0.015568429002815742,0.012173051868037188
2023-12-18,102783.83699811176,0.02783836998111755,100953.33841675821,0.009533384167582204,0.018304985813535346
2023-12-19,103068.00270315714,0.030680027031571466,101121.52621101326,0.011215262110132684,0.019464764921438782
2023-12-20,103019.39295666997,0.03019392956669975,100706.00076115507,0.007060007611550789,0.02313392195514896
2023-12-21,103022.29558514906,0.030222955851490596,100636.74651951203,0.006367465195120214,0.02385549065637038
2023-12-22,103350.60908162256,0.033506090816225687,100527.91734719495,0.005279173471949505,0.02822691734427618
2023-12-27,104048.35095777517,0.0404835095777516,101537.05166087145,0.01537051660871458,0.025112992969037018
2023-12-28,104141.5390543064,0.04141539054306409,101566.73851998665,0.015667385199866546,0.025748005343197544
2023-12-29,104075.04952357513,0.04075049523575136,101883.33041723284,0.018833304172328313,0.021917191063423047
2024-01-02,103616.91151321193,0.03616911513211929,101705.24700327273,0.01705247003272725,0.019116645099392038
2024-01-03,103050.41364529068,0.030504136452906838,102071.3019027518,0.020713019027517987,0.009791117425388851
2024-01-04,103410.02794648282,0.03410027946482819,102793.53117829733,0.02793531178297326,0.006164967681854927
2024-01-05,103476.04701400449,0.03476047014004502,102892.46473090934,0.028924647309093388,0.005835822830951631
2024-01-08,103488.46844415617,0.034884684441561786,102378.00572843914,0.023780057284391365,0.011104627157170421
2024-01-09,103281.29636432964,0.03281296364329633,102140.55614439482,0.02140556144394834,0.011407402199347993
2024-01-10,103289.64694027341,0.03289646940273405,102437.3643503771,0.024373643503770914,0.008522825898963138
2024-01-11,102920.2118411947,0.029202118411947087,101833.85986685372,0.018338598668537154,0.010863519743409933
2024-01-12,103755.09061322612,0.0375509061322612,102556.08914239924,0.025560891423992427,0.01199001470826877
2024-01-15,103692.93385991266,0.036929338599126726,102823.2104892663,0.028232104892663035,0.008697233706463692
2024-01-16,102946.60952195863,0.029466095219586208,102734.16500821314,0.027341650082131297,0.002124445137454911
2024-01-17,102053.29426980347,0.02053294269803474,102457.148041641,0.024571480416410107,-0.004038537718375368
2024-01-18,102208.01556823726,0.02208015568237265,102417.57311096696,0.02417573110966953,-0.0020955754272968807
2024-01-19,102185.99169426569,0.021859916942656765,102407.68503940811,0.02407685039408114,-0.0022169334514243744
2024-01-22,102972.6554387381,0.029726554387381032,102704.48569724415,0.027044856972441522,0.00268169741493951
2024-01-23,102536.3246237245,0.025363246237245063,102664.9107665701,0.026649107665700944,-0.0012858614284558811
2024-01-24,103187.68822845562,0.031876882284556096,103327.78142017768,0.03327781420177689,-0.0014009319172207935
2024-01-25,103292.93596781965,0.032929359678196546,102684.70200598025,0.02684702005980255,0.006082339618393995
2024-01-26,103476.51083120028,0.03476510831200286,102684.70200598025,0.02684702005980255,0.007918088252200306
2024-01-29,103585.12857855123,0.03585128578551222,102833.10610897138,0.028331061089713838,0.007520224695798383
2024-01-30,103769.73830206023,0.037697383020602215,102961.71897255238,0.02961718972552374,0.008080193295078475
2024-01-31,104159.2858543806,0.04159285854380612,103021.07759449033,0.03021077594490329,0.011382082598902832
2024-02-01,104006.4110119084,0.04006411011908417,103001.29390322643,0.03001293903226432,0.010051171086819854
2024-02-02,103574.81761378005,0.03574817613780046,103030.9732141954,0.030309732141954093,0.005438443995846365
2024-02-05,102910.85571144188,0.02910855711441873,102239.48969700684,0.022394896970068467,0.006713660144350264
2024-02-06,103488.23145543034,0.03488231455430335,102249.38531671191,0.02249385316711905,0.012388461387184302
2024-02-07,103418.16520350444,0.03418165203504442,102704.48569724415,0.027044856972441522,0.007136795062602896
2024-02-08,103080.93360079911,0.030809336007991073,101903.11410849675,0.019031141084967507,0.011778194923023566
2024-02-09,102898.46967255155,0.028984696725515624,101893.21848879168,0.018932184887916703,0.01005251183759892
2024-02-12,103369.90552447595,0.03369905524475958,101903.11410849675,0.019031141084967507,0.014667914159792073
2024-02-13,102508.69993320457,0.025086999332045723,101329.28893594236,0.013292889359423521,0.011794109972622202
2024-02-14,102574.9623471972,0.025749623471972072,101784.3893164746,0.017843893164745994,0.007905730307226078
2024-02-15,103132.9876608484,0.031329876608483964,101794.28493617967,0.017942849361796798,0.013387027246687166
2024-02-16,103428.63125543194,0.034286312554319354,102397.78941970304,0.023977894197030336,0.010308418357289018
2024-02-19,103431.66077086827,0.03431660770868272,102615.44776433721,0.026154477643371976,0.008162130065310746
2024-02-20,103876.04863120453,0.038760486312045206,102447.25997008216,0.024472599700821496,0.01428788661122371
2024-02-21,103761.80251598958,0.037618025159895874,102902.36035061441,0.02902360350614419,0.008594421653751683
2024-02-22,104041.639179955,0.040416391799550144,103060.65252516439,0.030606525251643868,0.009809866547906276
2024-02-23,104257.91831152319,0.04257918311523179,103100.22745583844,0.031002274558384446,0.011576908556847343
2024-02-26,104128.32622953267,0.04128326229532675,103446.4986640536,0.03446498664053599,0.006818275654790762
2024-02-27,104175.5924400195,0.041755924400195044,103298.10210920869,0.03298102109208689,0.00877490330810815
2024-02-28,103972.6703520169,0.03972670352016894,103159.5860777764,0.031595860777763995,0.008130842742404942
2024-02-29,104229.9323424514,0.042299323424513924,103139.80238651249,0.0313980238651248,0.010901299559389122
2024-03-01,104510.21139192293,0.04510211391922936,103278.31086979856,0.03278310869798551,0.01231900522124385
2024-03-04,104575.06742340254,0.04575067423402546,103159.5860777764,0.031595860777763995,0.014154813456261461
2024-03-05,105032.12377346304,0.050321237734630486,103030.9732141954,0.030309732141954093,0.020011505592676393
2024-03-06,105636.23672212496,0.056362367221249654,103960.96521467004,0.039609652146700425,0.01675271507454923
2024-03-07,105828.48184074453,0.05828481840744537,104366.59504482316,0.043665950448231516,0.014618867959213855
2024-03-08,105923.56318939374,0.059235631893937324,103852.13604235295,0.038521360423529494,0.02071427147040783
2024-03-11,105785.78858713305,0.05785788587133056,103970.85328622887,0.03970853286228859,0.01814935300904197
2024-03-12,105926.7889220009,0.05926788922000892,104712.86625303832,0.04712866253038306,0.01213922668962586
2024-03-13,106070.08918908925,0.06070089189089245,104554.57407848834,0.04554574078488338,0.015155151106009068
2024-03-14,105308.3157502113,0.05308315750211312,104356.70697326431,0.04356706973264313,0.009516087769469994
2024-03-15,105344.2579826526,0.053442579826526115,104040.11507601813,0.04040115076018136,0.013041429066344756
2024-03-18,105331.86608722003,0.053318660872200274,104732.65749244846,0.047326574924484666,0.0059920859477156085
2024-03-19,105494.57959458078,0.05494579594580773,104435.84928646618,0.04435849286466187,0.01058730308114586
2024-03-20,105650.59364985269,0.056505936498526754,104653.50763110035,0.04653507631100351,0.009970860187523245
2024-03-21,106523.43893646426,0.06523438936464254,104940.42021737756,0.0494042021737755,0.01583018719086704
2024-03-22,106514.71655370947,0.06514716553709476,104683.18694206934,0.046831869420693506,0.01831529611640126
2024-03-25,106339.5749563599,0.06339574956359906,105029.46569843072,0.05029465698430724,0.013101092579291818
2024-03-26,106376.02038090792,0.06376020380907921,104930.52459767248,0.04930524597672492,0.014454957832354287
2024-03-27,106615.21063541099,0.06615210635410995,105237.22842335982,0.052372284233598076,0.013779822120511875
2024-03-28,107170.18474203715,0.07170184742037145,105741.79180612495,0.05741791806124952,0.014283929359121927
2024-04-02,106039.78061730033,0.06039780617300328,104673.2988705105,0.046732988705104894,0.013664817467898382
2024-04-03,106395.55051918063,0.06395550519180637,105454.87921984776,0.054548792198477525,0.009406712993328847
2024-04-04,106860.26486980118,0.0686026486980118,105514.24538993195,0.05514245389931949,0.013460194798692315
2024-04-05,106123.8107277175,0.06123810727717505,104752.44118371236,0.04752441183712364,0.01371369544005141
2024-04-08,106301.088732994,0.06301088732993998,104594.14900916239,0.04594149009162396,0.01706939723831602
2024-04-09,106337.20223723212,0.06337202237232131,104247.87780094723,0.042478778009472196,0.020893244362849117
2024-04-10,105463.63332871153,0.05463633328711537,103951.06959496497,0.03951069594964962,0.015125637337465747
2024-04-11,104773.61307515939,0.047736130751593775,103307.99018076753,0.03307990180767528,0.014656228943918492
2024-04-12,104931.42878381714,0.04931428783817138,102833.10610897138,0.028331061089713838,0.02098322674845754
2024-04-15,104262.45536850097,0.042624553685009836,103624.58207801371,0.03624582078013705,0.006378732904872786
2024-04-16,103275.40719825332,0.03275407198253322,101903.11410849675,0.019031141084967507,0.01372293089756571
2024-04-17,103287.1739586702,0.032871739586701976,101833.85986685372,0.018338598668537154,0.014533140918164822
2024-04-18,103806.67575921377,0.03806675759213762,102328.53517806002,0.023285351780600205,0.014781405811537418
2024-04-19,103863.92371127548,0.038639237112754854,102664.9107665701,0.026649107665700944,0.01199012944705391
2024-04-22,103971.06210477243,0.03971062104772427,103298.10210920869,0.03298102109208689,0.0067295999556373776
2024-04-23,104902.38316347878,0.04902383163478774,104237.98218124216,0.042379821812421614,0.006644009822366126
2024-04-24,104573.73510182115,0.045737351018211525,103654.26138898269,0.036542613889826825,0.0091947371283847
2024-04-25,104248.76649569752,0.0424876649569752,103317.8858004726,0.033178858004726086,0.009308806952249116
2024-04-26,104633.18440630977,0.04633184406309776,103525.6485254017,0.03525648525401692,0.011075358809080837
2024-04-29,105300.1014645929,0.05300101464592899,103852.13604235295,0.038521360423529494,0.014479654222399496
2024-04-30,104755.5625296792,0.047555625296791915,103406.92373337955,0.03406923733379541,0.013486387962996504
2024-05-01,104363.1918128526,0.04363191812852607,103268.41525009349,0.032684152500934927,0.010947765627591144
2024-05-02,104754.48591918786,0.04754485919187856,103505.86483413778,0.03505864834137795,0.012486210850500612
2024-05-03,105648.4731350886,0.05648473135088605,103772.98618100485,0.03772986181004856,0.018754869540837493
2024-05-07,106621.63143538943,0.0662163143538943,104594.14900916239,0.04594149009162396,0.02027482426227034
2024-05-08,106495.63683165709,0.06495636831657081,104861.27035602945,0.04861270356029457,0.016343664756276244
2024-05-09,106640.33133429394,0.06640331334293936,105029.46569843072,0.05029465698430724,0.016108656358632123
2024-05-10,106852.38095812305,0.06852380958123039,105108.6080116326,0.05108608011632598,0.017437729464904406
2024-05-13,107067.65930880711,0.07067659308807106,105534.02908119585,0.05534029081195846,0.015336302276112601
2024-05-14,107177.53087796282,0.07177530877962823,105336.16197597183,0.053361619759718204,0.01841368901991003
2024-05-15,108011.96864977054,0.0801196864977054,105504.34977022688,0.055043497702268906,0.025076188795436494
2024-05-16,108247.78933609885,0.08247789336098843,105632.96263380787,0.05632962633807859,0.026148267022909844
2024-05-17,108126.38103233831,0.08126381032338315,105811.04604776799,0.05811046047767987,0.023153349845703275
2024-05-20,108170.53835757641,0.08170538357576418,105860.51659814711,0.05860516598147103,0.02310021759429315
2024-05-21,108082.02737240188,0.08082027372401868,105672.53756448193,0.05672537564481939,0.02409489807919929
2024-05-22,107663.80046601684,0.07663800466016846,105543.92470090093,0.05543924700900926,0.021198757651159195
2024-05-23,107145.00813721406,0.0714500813721406,104970.09952834653,0.04970099528346528,0.021749086088675318
2024-05-24,107251.36600321747,0.07251366003217474,105019.57007872565,0.050195700787256436,0.022317959244918306
2024-05-28,107097.08233809462,0.07097082338094629,104524.89476751936,0.04524894767519361,0.025721875705752684
2024-05-29,105920.6172203777,0.059206172203776886,103594.90276704472,0.035949027670447276,0.02325714453332961
2024-05-30,106554.30643604748,0.06554306436047486,103921.39028399598,0.03921390283995985,0.02632916152051501
2024-05-31,106820.94346485732,0.06820943464857332,104416.06559520228,0.0441606559520229,0.02404877869655042
2024-06-03,107480.63872052485,0.07480638720524846,104712.86625303832,0.04712866253038306,0.0276777246748654
2024-06-04,107363.0655331035,0.07363065533103486,104772.2324231225,0.04772232423122502,0.025908331099809834
2024-06-05,107606.70319641024,0.07606703196410236,104930.52459767248,0.04930524597672492,0.02676178598737744
2024-06-06,107948.77459957561,0.07948774599575614,105464.77483955283,0.05464774839552833,0.024839997600227814
2024-06-07,107367.21077892513,0.07367210778925126,105296.58704529778,0.05296587045297785,0.020706237336273414
2024-06-10,106975.44471157296,0.06975444711572965,103881.81535332193,0.03881815353321927,0.030936293582510377
2024-06-11,106588.3315650668,0.06588331565066796,104455.64052587633,0.044556405258763254,0.021326910391904708
2024-06-12,107676.0075181909,0.07676007518190908,104643.61201139528,0.046436120113952706,0.030323955067956376
2024-06-13,107087.90240731332,0.07087902407313318,103555.32783637068,0.0355532783637067,0.03532574570942648
2024-06-14,106894.22779170261,0.06894227791702612,103357.46073114665,0.03357460731146644,0.035367670605559676
2024-06-17,106790.23127946346,0.06790231279463455,103505.86483413778,0.03505864834137795,0.032843664453256594
2024-06-18,107409.66981918193,0.07409669819181941,103941.1739752599,0.03941173975259904,0.03468495843922037
2024-06-19,107500.00062800689,0.07500000628006886,103941.1739752599,0.03941173975259904,0.035588266527469825
2024-06-20,107455.13763312211,0.07455137633122111,104030.21945631306,0.040302194563130556,0.03424918176809055
2024-06-21,107177.51323375913,0.07177513233759125,104732.65749244846,0.047326574924484666,0.024448557413106586
2024-06-24,107874.46569487502,0.07874465694875021,105346.0575956769,0.05346057595676901,0.025284080991981206
2024-06-25,107575.37029707649,0.07575370297076489,105227.33280365475,0.052273328036547495,0.023480374934217396
2024-06-26,106910.6979657835,0.06910697965783497,104386.38628423329,0.0438638628423329,0.025243116815502065
2024-06-27,107141.86583521102,0.07141865835211014,104465.52859743517,0.044655285974351644,0.0267633723777585
2024-06-28,107371.4012158697,0.073714012158697,104514.99914781429,0.045149991478142804,0.028564020680554192
2024-07-01,106916.02307030177,0.06916023070301769,103743.30687003587,0.037433068700358785,0.031727162002658904
2024-07-02,107057.92108741231,0.070579210874123,104218.19094183203,0.04218190941832023,0.02839730145580277
2024-07-03,107911.67715165431,0.07911677151654306,104218.19094183203,0.04218190941832023,0.03693486209822283
2024-07-04,108172.14636479782,0.08172146364797817,104218.19094183203,0.04218190941832023,0.039539554229657936
2024-07-05,108184.65786492254,0.08184657864922551,104841.48666476554,0.048414866647655375,0.033431712001570135
2024-07-08,108228.72588194716,0.08228725881947163,104960.20390864146,0.049602039086414695,0.032685219733056936
2024-07-09,107946.73568960835,0.07946735689608353,104930.52459767248,0.04930524597672492,0.03016211091935861
2024-07-10,108452.49231301463,0.08452492313014637,105593.39525128005,0.05593395251280042,0.028590970617345945
2024-07-11,109395.36621073942,0.0939536621073942,106058.38370337113,0.060583837033711285,0.03336982507368291
2024-07-12,109818.39974601755,0.09818399746017548,106473.91670137557,0.0647391670137556,0.03344483044641988
2024-07-15,109676.42649345801,0.09676426493458012,106879.54653152869,0.06879546531528691,0.027968799619293216
2024-07-16,109841.72278209493,0.09841722782094942,107265.39267041789,0.0726539267041788,0.02576330111677061
2024-07-17,110321.73216989051,0.10321732169890518,108056.87618760645,0.08056876187606443,0.022648559822840753
2024-07-18,110173.43469099875,0.10173434690998762,108304.2138432096,0.08304213843209607,0.018692208477891548
2024-07-19,109254.00316014557,0.09254003160145574,107542.40963699002,0.07542409636990022,0.017115935231555524
2024-07-22,109463.80203245883,0.09463802032458823,107700.70935968623,0.07700709359686231,0.017630926727725926
2024-07-23,109376.40025114229,0.0937640025114228,107403.90115370396,0.07403901153703973,0.019724990974383072
2024-07-24,109112.29530650147,0.09112295306501483,107107.10049586791,0.07107100495867913,0.020051948106335704
2024-07-25,108955.76806405815,0.08955768064058156,107552.3052566951,0.07552305256695102,0.01403462807363054
2024-07-26,109371.48234396306,0.09371482343963056,108244.85522127165,0.08244855221271652,0.011266271226914037
2024-07-29,109335.65002701811,0.09335650027018105,108353.67684544249,0.08353676845442481,0.009819731815756239
2024-07-30,109431.36109250874,0.0943136109250875,108640.5894317197,0.08640589431719703,0.00790771660789047
2024-07-31,110428.8052449212,0.10428805244921202,109511.22281025635,0.09511222810256359,0.009175824346648431
2024-08-01,109487.38615375705,0.09487386153757038,108640.5894317197,0.08640589431719703,0.008467967220373351
2024-08-02,108923.32771338784,0.08923327713387841,107868.89715394127,0.07868897153941279,0.01054430559446562
2024-08-05,107658.89108001316,0.07658891080013164,107097.20487616285,0.07097204876162855,0.00561686203850309
2024-08-06,107753.78218379847,0.07753782183798474,108808.78477412097,0.0880878477412097,-0.010550025903224958
2024-08-07,108496.14511366436,0.08496145113664366,108937.39763770196,0.0893739763770196,-0.004412525240375942
2024-08-08,108335.4146823292,0.0833541468232919,108531.76025940261,0.0853176025940261,-0.0019634557707342015
2024-08-09,108699.27061797713,0.08699270617977128,108284.42260379947,0.08284422603799468,0.0041484801417766
2024-08-12,108875.39848187134,0.08875398481871333,108452.61794620074,0.08452617946200736,0.0042278053567059715
2024-08-13,109495.33120853984,0.09495331208539826,109125.37667136715,0.09125376671367147,0.0036995453717267868
2024-08-14,110223.32659117121,0.102233265911712,109798.13539653356,0.09798135396533558,0.004251911946376419
2024-08-15,110683.93857001905,0.10683938570019036,108868.14339605893,0.08868143396058925,0.018157951739601108
2024-08-16,110855.74691159428,0.10855746911594277,110460.9985019949,0.10460998501994889,0.003947484095993881
2024-08-19,111706.00366937547,0.11706003669375464,110827.05340147397,0.10827053401473963,0.008789502679015015
2024-08-20,111652.73371464381,0.11652733714643815,111440.45350470243,0.11440453504702419,0.0021228020994139563
2024-08-21,112042.55463970313,0.12042554639703118,111371.19926305939,0.11371199263059384,0.006713553766437341
2024-08-22,111748.7862733831,0.11748786273383094,111163.43653813029,0.111634365381303,0.005853497352527937
2024-08-23,112757.60679130077,0.1275760679130078,112103.31661016376,0.12103316610163772,0.006542901811370072
2024-08-27,112633.7789473775,0.12633778947377494,112063.74167948971,0.12063741679489715,0.005700372678877796
2024-08-28,112705.82862817308,0.12705828628173088,112845.3295769732,0.12845329576973197,-0.0013950094880010866
2024-08-29,112722.68124621685,0.1272268124621685,112479.27467749413,0.12479274677494123,0.0024340656872272604
2024-08-30,112632.33501352632,0.1263233501352632,112311.07933509286,0.12311079335092856,0.0032125567843346303
2024-09-02,112784.84795223671,0.1278484795223671,113260.86257497763,0.13260862574977628,-0.004760146227409168
2024-09-03,112379.85110608926,0.12379851106089257,113646.70871386683,0.13646708713866817,-0.012668576077775606
2024-09-04,112427.87996402249,0.12427879964022481,113617.02185475163,0.1361702185475162,-0.011891418907291396
2024-09-05,112278.94566344119,0.12278945663441188,113072.88354131243,0.1307288354131244,-0.007939378778712536
2024-09-06,111902.66381308525,0.11902663813085246,112696.9330221283,0.1269693302212831,-0.007942692090430636
2024-09-09,112101.79564939336,0.12101795649393354,113122.34654354533,0.13122346543545316,-0.010205508941519614
2024-09-10,111881.97955605011,0.11881979556050104,113409.25912982253,0.13409259129822537,-0.015272795737724332
2024-09-11,111511.58437388466,0.11511584373884665,112063.74167948971,0.12063741679489715,-0.005521573056050499
2024-09-12,112241.71877429233,0.1224171877429232,113231.17571586241,0.1323117571586241,-0.009894569415700882
2024-09-13,112990.1907632926,0.12990190763292597,114101.80909439908,0.14101809094399087,-0.011116183311064898
2024-09-16,113117.46579058148,0.13117465790581484,114477.75961358321,0.1447775961358322,-0.013602938230017347
2024-09-17,113630.5482720113,0.1363054827201131,114230.42195798007,0.14230421957980077,-0.005998736859687659
2024-09-18,113175.61628943028,0.13175616289430292,113696.17171609972,0.13696171716099714,-0.005205554266694223
2024-09-19,114000.28243189566,0.1400028243189566,112914.58381861623,0.12914583818616232,0.010856986132794288
2024-09-20,113559.63728955889,0.1355963728955889,113142.13778295547,0.13142137782955476,0.004174995066034137
2024-09-23,113972.05469243837,0.13972054692438363,114002.87554178707,0.14002875541787074,-0.00030820849348711654
2024-09-24,114414.3727473986,0.14414372747398585,113775.32157744783,0.1377532157744783,0.006390511699507551
2024-09-25,114065.19295638276,0.14065192956382755,113241.07133556748,0.1324107133556749,0.008241216208152657
2024-09-26,114599.01854861458,0.14599018548614584,113587.34254378264,0.13587342543782643,0.010116760048319406
2024-09-27,115114.73865918626,0.15114738659186266,113963.30061111301,0.13963300611113016,0.0115143804807325
2024-09-30,114645.1512056148,0.14645151205614804,113884.15074976491,0.13884150749764923,0.007610004558498806
2024-10-01,114629.68556637672,0.14629685566376716,113310.32557721052,0.13310325577210524,0.013193599891661911
2024-10-02,114700.17414957564,0.1470017414957565,112785.97095503524,0.12785970955035242,0.019142031945404092
2024-10-03,114172.11425847933,0.1417211425847933,111994.48743784668,0.11994487437846679,0.0217762682063265
2024-10-04,113902.49765299611,0.13902497652996115,112172.57085180678,0.12172570851806785,0.0172992680118933
2024-10-07,114067.23628974638,0.14067236289746377,111855.97895456062,0.11855978954560609,0.02211257335185768
2024-10-08,113336.68206042363,0.1333668206042362,112360.54988547198,0.12360549885471972,0.009761321749516494
2024-10-09,113507.50935693635,0.13507509356936342,112657.35809145424,0.1265735809145423,0.00850151265482113
2024-10-10,113415.15321374428,0.1341515321374429,112746.3960243612,0.12746396024361184,0.006687571893831068
2024-10-11,113911.19538953551,0.13911195389535513,113221.28764430358,0.1322128764430357,0.006899077452319435
2024-10-14,113935.50094267458,0.13935500942674572,113805.0008884168,0.13805000888416807,0.00130500054257765
2024-10-15,114009.26657216293,0.14009266572162926,114101.80909439908,0.14101809094399087,-0.0009254252223616088
2024-10-16,114195.28393497423,0.14195283934974223,113973.18868267185,0.13973188682671855,0.002220952523023678
2024-10-17,114067.2012943862,0.1406720129438621,114190.84702730602,0.1419084702730602,-0.0012364573291980818
2024-10-18,114122.71025463841,0.14122710254638404,114517.33454425728,0.14517334544257277,-0.003946242896188723
2024-10-21,112974.01613431524,0.12974016134315236,114022.65923305097,0.14022659233050971,-0.010486430987357354
2024-10-22,112938.51324725195,0.12938513247251948,113142.13778295547,0.13142137782955476,-0.0020362453570352823
2024-10-23,112487.46491895967,0.12487464918959668,112746.3960243612,0.12746396024361184,-0.0025893110540151643
2024-10-24,112720.18020991929,0.12720180209919296,113152.03340266054,0.13152033402660535,-0.0043185319274123835
2024-10-25,112757.27638196382,0.12757276381963822,112894.80012735233,0.12894800127352335,-0.0013752374538851253
2024-10-28,112640.14559633349,0.12640145596333485,112875.00888794218,0.12875008887942174,-0.00234863291608689
2024-10-29,112232.18540238086,0.12232185402380846,112568.31261040107,0.12568312610401078,-0.0033612720802023155
2024-10-30,112355.87149937626,0.12355871499376248,112350.6542657669,0.12350654265766914,5.2172336093336824e-05
2024-10-31,111726.13315314816,0.11726133153148166,111549.2826770195,0.1154928267701949,0.00176850476128676
2024-11-01,112010.53422975639,0.12010534229756398,111964.80812687769,0.1196480812687768,0.00045726102878718144
2024-11-04,112116.73339818686,0.12116733398186863,111875.77019397075,0.11875770193970747,0.0024096320421611583
2024-11-05,112319.46591816202,0.1231946591816202,112251.7207131549,0.12251720713154901,0.0006774520500711922
2024-11-06,112326.00944098756,0.12326009440987562,112795.86657474031,0.12795866574740322,-0.004698571337527602
2024-11-07,113173.66541502558,0.13173665415025582,113359.79612758964,0.1335979612758964,-0.0018613071256405878
2024-11-08,112951.3236515708,0.1295132365157079,113577.4544722238,0.13577454472223804,-0.006261308206530147
2024-11-11,113137.61104699079,0.13137611046990783,113745.64226647884,0.1374564226647883,-0.006080312194880477
2024-11-12,112008.90295233374,0.12008902952333744,112677.14178271816,0.1267714178271815,-0.006682388303844045
2024-11-13,111939.24802263192,0.1193924802263191,112538.6332994321,0.125386332994321,-0.005993852768001906
2024-11-14,111990.60988532656,0.11990609885326564,112756.29164406625,0.12756291644066242,-0.00765681758739678
2024-11-15,111458.10600989794,0.11458106009897939,111569.06636828341,0.1156906636828341,-0.0011096035838547014
2024-11-18,111946.32924339984,0.11946329243399845,111816.40402388656,0.11816404023886551,0.0012992521951329383
2024-11-19,111994.31488748523,0.11994314887485236,111855.97895456062,0.11855978954560609,0.0013833593292462698
2024-11-20,111442.22059677643,0.1144222059677642,111598.75322739863,0.11598753227398628,-0.0015653263062220812
2024-11-21,112134.1694120797,0.12134169412079698,112261.61633285997,0.12261616332859959,-0.0012744692078026088
2024-11-22,112315.83704371912,0.12315837043719124,112944.27067773145,0.1294427067773145,-0.006284336340123264
2024-11-25,113011.35952485407,0.1301135952485406,113181.71271362952,0.13181712713629512,-0.001703531887754517
2024-11-26,112637.97968793413,0.1263797968793412,113567.55885251873,0.13567558852518724,-0.009295791645846041
2024-11-27,113128.91893034117,0.1312891893034116,114705.31357792245,0.14705313577922463,-0.01576394647581303
2024-11-28,113304.92518496244,0.13304925184962446,114418.40099164526,0.14418400991645264,-0.011134758066828176
2024-11-29,113582.7278355965,0.13582727835596486,114457.97592231931,0.144579759223193,-0.00875248086722813
2024-12-02,113513.08063607322,0.13513080636073216,114299.6761996231,0.14299676199623113,-0.007865955635498967
2024-12-03,113587.97471492825,0.13587974714928253,114299.6761996231,0.14299676199623113,-0.007117014846948599
2024-12-04,113469.10891016206,0.13469108910162064,114279.89250835919,0.14279892508359193,-0.00810783598197129
2024-12-05,113787.4658724684,0.13787465872468396,114230.42195798007,0.14230421957980077,-0.00442956085511681
2024-12-06,113701.19716715388,0.13701197167153878,114180.95895574718,0.1418095895574718,-0.004797617885933025
2024-12-09,113890.84784522904,0.13890847845229048,113775.32157744783,0.1377532157744783,0.0011552626778121855
2024-12-10,113213.54858779995,0.1321354858779995,113250.96695527255,0.13250966955272547,-0.0003741836747259697
2024-12-11,113184.16642044061,0.13184166420440602,112845.3295769732,0.12845329576973197,0.0033883684346740495
2024-12-12,112741.4095627649,0.12741409562764883,112736.50040465612,0.12736500404656126,4.909158108756806e-05
2024-12-13,112198.43570309988,0.12198435703099886,112380.33357673588,0.12380333576735891,-0.0018189787363600551
2024-12-16,111953.50014818969,0.119535001481897,112261.61633285997,0.12261616332859959,-0.003081161846702596
2024-12-17,111597.72799994276,0.11597727999942764,111648.21622963152,0.11648216229631525,-0.0005048822968876099
2024-12-18,111445.08834289198,0.11445088342891974,111410.77419373344,0.11410774193733442,0.00034314149158531926
2024-12-19,109804.5046684567,0.09804504668456704,109580.47705189939,0.09580477051899394,0.0022402761655730963
2024-12-20,109994.9188699256,0.09994918869925606,109986.10688205251,0.09986106882052503,8.811987873103e-05
2024-12-23,109758.26755224592,0.09758267552245914,109323.24377659117,0.09323243776591172,0.004350237756547415
2024-12-24,109987.85043382988,0.09987850433829881,109263.88515465321,0.09263885154653217,0.0072396527917666376
2024-12-27,110456.52759886751,0.10456527598867504,110302.69877929869,0.1030269877929868,0.0015382881956882422
2024-12-30,110112.60738211946,0.10112607382119454,109441.96856861333,0.09441968568613324,0.006706388135061303
2024-12-31,110428.00739184194,0.10428007391841931,109887.1733294405,0.0988717332944049,0.005408340624014407
2025-01-02,110245.85489700656,0.10245854897006557,109827.81470750253,0.09827814707502536,0.004180401895040209
2025-01-03,110167.95058455011,0.10167950584550112,109996.00250175758,0.09996002501757584,0.0017194808279252793
2025-01-06,110682.05069429727,0.10682050694297263,109887.1733294405,0.0988717332944049,0.00794877364856772
2025-01-07,110186.3877345123,0.10186387734512303,109679.4106045114,0.09679410604511407,0.005069771300008963
2025-01-08,109964.27368459164,0.09964273684591629,110886.41957155816,0.10886419571558159,-0.0092214588696653
2025-01-09,110102.7599761426,0.10102759976142606,109303.46008532726,0.09303460085327253,0.007992998908153526
2025-01-10,108959.9047684292,0.08959904768429205,108571.33519007666,0.08571335190076668,0.003885695783525378
2025-01-13,108866.08881787863,0.08866088817878626,108106.33918983935,0.0810633918983934,0.007597496280392857
2025-01-14,109191.66683191038,0.09191666831910372,109244.09391524307,0.09244093915243057,-0.0005242708333268453
2025-01-15,110405.37004115884,0.10405370041158846,109936.64387981962,0.09936643879819629,0.0046872616133921685
2025-01-16,110924.24904495868,0.10924249044958678,110223.55646609682,0.10223556466096828,0.007006925788618501
2025-01-17,111484.58723087807,0.11484587230878063,110945.77819349612,0.10945778193496114,0.005388090373819487
2025-01-20,111944.70124759502,0.11944701247595013,111034.82367454929,0.11034823674549288,0.009098775730457254
2025-01-21,112299.08173748333,0.1229908173748333,111598.75322739863,0.11598753227398628,0.007003285100847023
2025-01-22,112036.01669233985,0.12036016692339846,111321.72871268027,0.11321728712680268,0.00714287979659578
2025-01-23,112082.3375692858,0.12082337569285806,111222.79516006826,0.11222795160068255,0.008595424092175508
2025-01-24,112581.76632939148,0.12581766329391475,111598.75322739863,0.11598753227398628,0.009830131019928467
2025-01-27,112748.95216541796,0.1274895216541796,112983.83806025927,0.12983838060259267,-0.0023488589484130795
2025-01-28,112667.45532742087,0.12667455327420885,113142.13778295547,0.13142137782955476,-0.004746824555345919
2025-01-29,112895.34201935965,0.12895342019359646,113389.47543855861,0.13389475438558618,-0.004941334191989721
2025-01-30,113309.97678540123,0.13309976785401223,113913.83006073389,0.139138300607339,-0.006038532753326775
2025-01-31,113345.28999374041,0.13345289993740406,113686.28364454089,0.13686283644540898,-0.003409936508004918
2025-02-03,112623.88692588556,0.12623886925885563,114022.65923305097,0.14022659233050971,-0.013987723071654079
2025-02-04,112852.94523033153,0.12852945230331536,114349.14675000223,0.14349146750002229,-0.014962015196706924
2025-02-05,113403.75286094318,0.13403752860943174,114784.45589112434,0.14784455891124337,-0.01380703030181163
2025-02-06,113629.11080388536,0.13629110803885358,115219.77258039266,0.15219772580392665,-0.015906617765073072
2025-02-07,113173.2437259154,0.13173243725915396,114576.69316619524,0.14576693166195231,-0.014034494402798359
2025-02-10,113305.86248850849,0.1330586248850849,115308.81806144584,0.1530881806144584,-0.020029555729373483
2025-02-11,113402.5876511421,0.13402587651142084,115457.21461629074,0.1545721461629075,-0.02054626965148665
2025-02-12,112990.59457481364,0.1299059457481364,114329.35551059208,0.1432935551059209,-0.013387609357784491
2025-02-13,114017.34906830754,0.14017349068307539,116040.93540855021,0.16040935408550205,-0.020235863402426668
2025-02-14,114610.26445132997,0.1461026445132998,116169.5482721312,0.16169548272131196,-0.01559283820801216
2025-02-17,114611.91096872161,0.1461191096872161,116238.80251377424,0.1623880251377423,-0.016268915450526222
2025-02-18,114535.19092819125,0.14535190928191244,115655.089269661,0.15655089269660993,-0.011198983414697494
2025-02-19,114257.90571859913,0.1425790571859913,115318.70613300467,0.15318706133004678,-0.010608004144055494
2025-02-20,114383.34256434439,0.14383342564344392,115823.27706391604,0.1582327706391604,-0.01439934499571649
2025-02-21,114822.79204406549,0.14822792044065491,116664.2235833375,0.166642235833375,-0.018414315392720093
2025-02-24,114850.39039507377,0.14850390395073765,117416.132169852,0.17416132169852006,-0.025657417747782407
2025-02-25,115019.46411062984,0.15019464110629843,117257.8324471558,0.17257832447155796,-0.022383683365259532
2025-02-26,115509.04473801368,0.15509044738013666,117336.98230850391,0.17336982308503912,-0.018279375704902456
2025-02-27,115184.1565721747,0.15184156572174712,117515.06572246402,0.17515065722464018,-0.023309091502893065
2025-02-28,114835.62397399345,0.1483562397399345,117633.79051448617,0.1763379051448617,-0.027981665404927192
2025-03-03,115897.92891259737,0.1589792891259738,119226.64562042215,0.19226645620422156,-0.03328716707824775
2025-03-04,114614.26674616977,0.14614266746169768,118296.65361994751,0.182966536199475,-0.03682386873777732
2025-03-05,115074.65851980724,0.1507465851980725,117594.21558381213,0.17594215583812134,-0.025195570640048848
2025-03-06,115384.8877312002,0.15384887731200192,118563.77496681457,0.1856377496681456,-0.031788872356143694
2025-03-07,115313.56514539222,0.15313565145392216,118257.07868927346,0.18257078689273465,-0.029435135438812488
2025-03-10,115361.31957444019,0.1536131957444018,119028.77096705188,0.1902877096705189,-0.03667451392611709
2025-03-11,114270.84311771789,0.1427084311771789,117584.31996410705,0.17584319964107054,-0.03313476846389163
2025-03-12,114270.32145914195,0.14270321459141955,116802.73206662356,0.1680273206662357,-0.025324106074816166
2025-03-13,113929.12666354298,0.1392912666354298,116713.69413371662,0.16713694133716617,-0.027845674701736378
2025-03-14,114736.88462266696,0.14736884622666957,117336.98230850391,0.17336982308503912,-0.02600097685836955
2025-03-17,115667.13281028405,0.15667132810284046,118583.56620622471,0.18583566206224722,-0.029164333959406763
2025-03-18,115641.89895356708,0.1564189895356709,118583.56620622471,0.18583566206224722,-0.029416672526576315
2025-03-19,115847.7033851505,0.1584770338515049,118702.29099824687,0.18702290998246873,-0.02854587613096382
2025-03-20,115849.94798254236,0.15849947982542356,118454.95334264371,0.1845495334264371,-0.026050053601013534
2025-03-21,115410.64056534774,0.15410640565347733,118445.05772293865,0.18445057722938651,-0.030344171575909185
2025-03-24,115547.60910683151,0.15547609106831506,118682.49975883673,0.18682499758836735,-0.03134890652005229
2025-03-25,115799.97433919892,0.15799974339198908,118563.77496681457,0.1856377496681456,-0.027638006276156535
2025-03-26,115555.35439855742,0.1555535439855742,118514.31196458168,0.18514311964581687,-0.029589575660242673
2025-03-27,115419.15260393432,0.15419152603934316,119266.2205510962,0.19266220551096191,-0.03847067947161875
2025-03-28,114959.83962666278,0.14959839626662785,119375.04972341328,0.19375049723413285,-0.04415210096750499
2025-03-31,114922.46833836811,0.14922468338368122,119286.00424236011,0.1928600424236011,-0.043635359039919885
2025-04-01,115390.02677969189,0.153900267796919,119711.42531192336,0.19711425311923358,-0.043213985322314574
2025-04-02,115414.76444379347,0.1541476444379346,119434.40834535124,0.1943440834535124,-0.04019643901557779
2025-04-03,114402.15734096541,0.14402157340965416,119691.64162065946,0.1969164162065946,-0.052894842796940456
2025-04-04,111199.23645782829,0.11199236457828277,113597.23816348771,0.13597238163487702,-0.02398001705659425
2025-04-07,108245.46875795597,0.08245468757955976,110213.66084639175,0.10213660846391748,-0.019681920884357718
2025-04-08,109360.75028663977,0.09360750286639763,112944.27067773145,0.1294427067773145,-0.03583520391091688
2025-04-09,106767.39039745278,0.06767390397452777,110985.35312417017,0.10985353124170172,-0.04217962726717395
2025-04-10,109469.6513372396,0.09469651337239604,114438.18468290917,0.1443818468290916,-0.04968533345669557
2025-04-11,109329.48718905813,0.09329487189058128,114853.71013276736,0.1485371013276735,-0.05524222943709223
2025-04-14,111663.30182427046,0.11663301824270467,117406.23655014693,0.17406236550146925,-0.057429347258764585
2025-04-15,112147.05495149338,0.12147054951493375,118445.05772293865,0.18445057722938651,-0.06298002771445277
2025-04-16,112342.17489961344,0.12342174899613445,120206.10062312966,0.20206100623129664,-0.07863925723516219
2025-04-17,112509.07273568536,0.12509072735685356,118316.43731121143,0.1831643731121142,-0.05807364575526064
2025-04-22,112878.64371152259,0.12878643711522586,118276.8699286836,0.18276869928683603,-0.053982262171610174
2025-04-23,113482.69568205423,0.13482695682054224,118850.68755309178,0.18850687553091783,-0.053679918710375585
2025-04-24,113770.73543579009,0.13770735435790082,118652.82044786775,0.18652820447867757,-0.04882085012077675
2025-04-25,113933.96235266939,0.13933962352669393,117386.45285888303,0.17386452858883028,-0.034524905062136346
2025-04-28,114420.94636750231,0.14420946367502308,118593.46182592979,0.1859346182592978,-0.041725154584274726
2025-04-29,114864.52099458428,0.14864520994584285,118692.3953785418,0.18692395378541793,-0.03827874383957508
2025-04-30,114825.5202142199,0.148255202142199,119454.19203661515,0.19454192036615137,-0.04628671822395236
2025-05-01,114922.53090039932,0.14922530900399322,119958.76296752652,0.19958762967526522,-0.050362320671272
2025-05-02,115123.32784399341,0.15123327843993417,119018.88289549305,0.1901888289549305,-0.03895555051499633
2025-05-06,115161.03435712507,0.1516103435712508,119652.06668998541,0.19652066689985404,-0.04491032332860323
2025-05-07,115182.20927268334,0.15182209272683345,119375.04972341328,0.19375049723413285,-0.0419284045072994
2025-05-08,115295.30029803315,0.15295300298033143,119325.57917303416,0.19325579173034169,-0.040302788750010254
2025-05-09,115219.94407089238,0.15219944070892377,118751.75400047976,0.1875175400047977,-0.03531809929587393
2025-05-12,115769.84600178842,0.15769846001788412,117752.5077583621,0.17752507758362102,-0.019826617565736893
2025-05-13,115922.11306856445,0.15922113068564436,116505.93140878752,0.16505931408787533,-0.0058381834022309675
2025-05-14,115700.19936866654,0.15700199368666534,115566.04378860783,0.1556604378860782,0.0013415558005871464
2025-05-15,116143.94925681033,0.1614394925681033,116723.5897534217,0.16723589753421697,-0.005796404966113666
2025-05-16,116529.90552033807,0.16529905520338062,117317.19861723999,0.17317198617239993,-0.00787293096901931
2025-05-19,117141.15152931117,0.17141151529311172,118445.05772293865,0.18445057722938651,-0.013039061936274798
2025-05-20,117093.6967913571,0.17093696791357105,118860.58317279685,0.1886058317279684,-0.017668863814397362
2025-05-21,116890.11737136563,0.16890117371365632,118722.07468951077,0.1872207468951077,-0.018319573181451387
2025-05-22,115991.1456517977,0.1599114565179771,118623.14113689876,0.18623141136898758,-0.026319954851010463
2025-05-23,116097.2776061804,0.16097277606180405,118761.64962018483,0.18761649620184828,-0.026643720140044236
2025-05-27,117154.87897451912,0.17154878974519128,118939.73303414494,0.18939733034144934,-0.017848540596258067
2025-05-28,116641.33034134339,0.16641330341343386,118534.0956558456,0.18534095655845584,-0.018927653145021983
2025-05-29,117074.84592750955,0.1707484592750954,118435.16210323358,0.18435162103233593,-0.013603161757240523
2025-05-30,117281.86608035205,0.17281866080352049,118870.47879250192,0.1887047879250192,-0.015886127121498728
2025-06-02,117165.11066950505,0.17165110669505057,119187.07068974808,0.19187070689748076,-0.020219600202430188
2025-06-03,117574.98833182908,0.1757498833182909,118702.29099824687,0.18702290998246873,-0.011273026664177843
2025-06-04,118036.88075457088,0.18036880754570883,119177.17507004303,0.19177175070043018,-0.011402943154721346
2025-06-05,118005.75523402984,0.18005755234029852,118702.29099824687,0.18702290998246873,-0.006965357642170211
2025-06-06,117959.86614426051,0.17959866144260506,118910.05372317597,0.18910053723175957,-0.009501875789154512
2025-06-09,118092.37815181537,0.1809237815181537,118583.56620622471,0.18583566206224722,-0.004911880544093528
2025-06-10,118422.88942007015,0.18422889420070154,118445.05772293865,0.18445057722938651,-0.00022168302868497136
2025-06-11,118614.7044221411,0.18614704422141104,118751.75400047976,0.1875175400047977,-0.0013704957833866604
2025-06-12,118930.96693308673,0.18930966933086735,119038.66658675695,0.19038666586756947,-0.001076996536702124
2025-06-13,118640.96948062032,0.18640969480620329,119187.07068974808,0.19187070689748076,-0.005461012091277473
2025-06-16,118799.52623412825,0.1879952623412826,118919.9417947348,0.18919941794734796,-0.001204155606065349
2025-06-17,118347.17473373534,0.1834717473373535,118276.8699286836,0.18276869928683603,0.000703048050517463
2025-06-18,118348.81589260293,0.18348815892602932,117871.23255038426,0.17871232550384253,0.004775833422186793
2025-06-19,117587.49961828627,0.17587499618286273,117168.79451424886,0.17168794514248864,0.00418705104037409
2025-06-20,118015.05028206871,0.18015050282068712,118088.89089501841,0.18088890895018417,-0.000738406129497049
2025-06-23,118212.14572554457,0.1821214572554457,118148.24951695638,0.18148249516956372,0.0006389620858819889
2025-06-24,119137.75327080663,0.19137753270806623,118840.79948153293,0.18840799481532922,0.0029695378927370175
2025-06-25,118752.91721264587,0.1875291721264587,118306.54923965258,0.1830654923965258,0.00446367972993289
2025-06-26,119386.0224051771,0.19386022405177084,118415.37841196966,0.18415378411969674,0.009706439932074096
2025-06-27,119885.80395614519,0.19885803956145187,118811.11262241773,0.18811112622417725,0.010746913337274622
2025-06-30,120025.2661014296,0.20025266101429606,118949.62865385001,0.18949628653850015,0.010756374475795916
2025-07-01,120483.20273296395,0.20483202732963957,119978.54665879042,0.1997854665879042,0.005046560741735373
2025-07-02,120762.8524712146,0.2076285247121461,119107.92082839999,0.19107920828399982,0.016549316428146277
2025-07-03,121153.99261433083,0.2115399261433082,119177.17507004303,0.19177175070043018,0.01976817544287801
2025-07-04,120789.58047798989,0.20789580477989889,119196.96630945316,0.19196966309453156,0.015926141685367323
2025-07-07,120385.87671011136,0.2038587671011136,119187.07068974808,0.19187070689748076,0.011988060203632855
2025-07-08,120219.38746007628,0.20219387460076277,118870.47879250192,0.1887047879250192,0.013489086675743556
2025-07-09,120386.8990424884,0.20386899042488404,118751.75400047976,0.1875175400047977,0.016351450420086344
2025-07-10,120902.67169842232,0.20902671698422326,118781.43331144874,0.18781433311448748,0.021212383869735785
2025-07-11,120343.46453300677,0.20343464533006772,118049.31596434437,0.1804931596434436,0.02294148568662413
2025-07-14,120299.8813584586,0.20299881358458594,118316.43731121143,0.1831643731121142,0.019834440472471737
2025-07-15,119620.61319176349,0.19620613191763492,117426.02778955708,0.17426027789557086,0.02194585402206406
2025-07-16,119538.83389969272,0.1953883389969271,117762.40337806717,0.17762403378067182,0.01776430521625527
2025-07-17,120146.6947425791,0.20146694742579108,118108.67458628233,0.18108674586282336,0.020380201562967715
2025-07-18,120477.12112765902,0.20477121127659026,118217.50375859941,0.18217503758599407,0.02259617369059619
2025-07-21,121033.66119024278,0.21033661190242792,118573.67058651964,0.18573670586519642,0.0245999060372315
2025-07-22,121017.62051796356,0.21017620517963564,118761.64962018483,0.18761649620184828,0.022559708977787363
2025-07-23,121700.38767631962,0.2170038767631961,119008.98727578798,0.1900898727578797,0.026914004005316405
2025-07-24,121938.19024498266,0.2193819024498267,119266.2205510962,0.19266220551096191,0.02671969693886478
2025-07-25,121523.86162372387,0.21523861623723883,118979.30796481899,0.18979307964818992,0.02544553658904891
2025-07-28,121270.00714497137,0.2127000714497138,117238.0487558919,0.172380487558919,0.04031958389079482
2025-07-29,121127.0167037208,0.2112701670372079,118811.11262241773,0.18811112622417725,0.023159040813030662
2025-07-30,121017.60026858245,0.2101760026858246,118405.48279226459,0.18405482792264594,0.026121174763178656
2025-07-31,120566.78449871315,0.20566784498713164,117554.64065313808,0.17554640653138076,0.030121438455750882
2025-08-01,119997.78333685565,0.19997783336855646,117050.0697222267,0.17050069722226713,0.02947713614628933
2025-08-04,120948.23258041535,0.2094823258041536,118514.31196458168,0.18514311964581687,0.024339206158336735
2025-08-05,121115.27383879443,0.21115273838794435,118356.01224188547,0.18356012241885478,0.027592615969089573
2025-08-06,121554.4030038641,0.2155440300386411,118573.67058651964,0.18573670586519642,0.02980732417344467
2025-08-07,121709.0327774439,0.21709032777443915,118385.69910100069,0.18385699101000696,0.033233336764432186
2025-08-08,121990.63701403944,0.2199063701403945,118880.37441220698,0.1888037441220698,0.031102626018324697
2025-08-11,121892.87564801243,0.21892875648012433,118860.58317279685,0.1886058317279684,0.030322924752155922
2025-08-12,122473.52961072452,0.2247352961072453,119167.27945033796,0.1916727945033796,0.0330625016038657
2025-08-13,123124.15240812209,0.2312415240812209,119335.47479273923,0.19335474792739227,0.03788677615382863
2025-08-14,122880.53920073027,0.22880539200730277,119305.78793362401,0.19305787933624008,0.03574751267106269
2025-08-15,123070.20397823189,0.23070203978231896,119859.82941491451,0.1985982941491451,0.032103745633173864
2025-08-18,122860.86940175926,0.22860869401759265,120354.5047261208,0.20354504726120792,0.025063646756384728
2025-08-19,123185.4648864381,0.23185464886438112,120552.37183134482,0.20552371831344818,0.02633093055093294
2025-08-20,123440.76018669848,0.23440760186698473,121650.55162607449,0.216505516260745,0.017902085606239737
2025-08-21,123219.36216605286,0.23219362166052848,121472.46821211439,0.21472468212114393,0.017468939539384554
2025-08-22,124414.03348107943,0.24414033481079422,121947.35983205677,0.2194735983205678,0.024666736490226437
2025-08-26,123334.40284409444,0.23334402844094448,119919.18803685246,0.19919188036852464,0.03415214807241984
2025-08-27,123430.05706491957,0.23430057064919563,120126.95076178155,0.20126950761781548,0.03303106303138015
2025-08-28,123775.92815323525,0.23775928153235237,120028.01720916954,0.20028017209169535,0.03747910944065702
2025-08-29,123503.79685933894,0.23503796859338943,120196.20500342459,0.20196205003424583,0.0330759185591436
2025-09-01,123739.63416119927,0.23739634161199263,120562.26745104989,0.20562267451049898,0.03177366710149365
2025-09-02,122810.80362130074,0.22810803621300746,120067.5921398436,0.20067592139843593,0.02743211481457153
2025-09-03,123167.92032708609,0.23167920327086078,120097.27145081258,0.2009727145081257,0.030706488762735074
2025-09-04,123618.16052612351,0.2361816052612351,120295.1385560366,0.20295138556036596,0.033230219700869146
2025-09-05,124149.5908297119,0.2414959082971191,120512.79690067077,0.20512796900670782,0.036367939290411266
2025-09-08,124434.69185383953,0.2443469185383953,120552.37183134482,0.20552371831344818,0.03882320022494712
2025-09-09,124394.76649210541,0.24394766492105413,120483.1175897018,0.20483117589701805,0.03911648902403608
2025-09-10,124731.28799436887,0.24731287994368878,120225.88431439358,0.20225884314393583,0.04505403679975295
2025-09-11,125522.52644082534,0.2552252644082533,121145.98069516313,0.21145980695163136,0.04376545745662197
2025-09-12,125176.15121157243,0.2517615121157244,120789.8138672429,0.207898138672429,0.043863373443295384
2025-09-15,125590.04838407284,0.2559004838407284,120621.62607298786,0.20621626072987853,0.04968422311084986
2025-09-16,125322.6023603379,0.253226023603379,119978.54665879042,0.1997854665879042,0.05344055701547479
2025-09-17,125764.41773577654,0.25764417735776535,120394.07965679484,0.2039407965679485,0.053703380789816846
2025-09-18,125292.35506692246,0.2529235506692247,120087.3758311075,0.20087375831107512,0.05204979235814955
2025-09-19,125119.16907016482,0.25119169070164826,119840.03817550436,0.1984003817550437,0.052791308946604554
2025-09-22,125238.00222536213,0.2523800222536212,119572.9168286373,0.1957291682863731,0.056650853967248116
2025-09-23,125530.1868233273,0.25530186823327305,119899.40434558855,0.19899404345588545,0.056307824777387605
2025-09-24,125170.36119757178,0.2517036119757179,119869.72503461957,0.19869725034619568,0.053006361629522214
2025-09-25,124522.6122190817,0.24522612219081696,119642.17107028034,0.19642171070280345,0.04880441148801351
2025-09-26,124995.42493138733,0.24995424931387333,120394.07965679484,0.2039407965679485,0.04601345274592483
2025-09-29,125371.69495140681,0.2537169495140681,120463.33389843788,0.20463333898437885,0.04908361052968924
2025-09-30,125321.70439330731,0.2532170439330732,120720.55962559987,0.20720559625599866,0.046011447677074546
2025-10-01,125941.23899365994,0.25941238993659943,121274.60110689036,0.21274601106890367,0.04666637886769576
2025-10-02,125876.96042595644,0.2587696042595644,120878.85934829607,0.20878859348296075,0.04998101077660366
2025-10-03,126447.93097510166,0.2644793097510165,121333.95972882831,0.21333959728828322,0.0511397124627333
2025-10-06,126318.5384175771,0.263185384175771,120997.58414031823,0.20997584140318226,0.053209542772588714
2025-10-07,126149.84532303426,0.2614984532303426,121373.53465950237,0.2137353465950238,0.0477631066353188
2025-10-08,126220.34649409445,0.2622034649409446,121056.94276225619,0.21056942762256203,0.051634037318382564
2025-10-09,125693.87792646598,0.2569387792646598,120799.70948694798,0.20799709486947981,0.048941684395179985
2025-10-10,125078.40310296483,0.2507840310296483,120760.13455627392,0.20760134556273924,0.043182685466909065
2025-10-13,125197.40170417234,0.2519740170417235,119731.20900318728,0.19731209003187278,0.05466192700985073
2025-10-14,125159.95408000986,0.2515995408000986,120403.96772835369,0.2040396772835369,0.04755986351656172
2025-10-15,126196.02942727787,0.2619602942727788,120888.75496800114,0.20888754968001133,0.05307274459276745
2025-10-16,126369.46843628009,0.26369468436280097,120878.85934829607,0.20878859348296075,0.05490609087984022
2025-10-17,126039.66574497228,0.26039665744972273,120829.38879791695,0.2082938879791696,0.052102769470553145
2025-10-20,126782.35566173843,0.26782355661738433,121314.17603756441,0.21314176037564403,0.0546817962417403
2025-10-21,126704.3081944483,0.2670430819444829,121650.55162607449,0.216505516260745,0.050537565683737906
2025-10-22,126637.94367035187,0.2663794367035188,121759.38079839158,0.2175938079839157,0.048785628719603125
2025-10-23,126740.133644981,0.26740133644981,121027.2634512872,0.21027263451287204,0.057128701936937976
2025-10-27,127331.22835385229,0.2733122835385229,120572.16307075496,0.20572163070754956,0.06759065283097332
2025-10-28,127471.27595080069,0.2747127595080068,120582.05114231381,0.20582051142313817,0.0688922480848686
2025-10-29,127266.08511977055,0.27266085119770556,118999.0916560829,0.18999091656082912,0.08266993463687644
2025-10-30,126550.01870404146,0.26550018704041456,118722.07468951077,0.1872207468951077,0.07827944014530686
2025-10-31,125869.10338550742,0.2586910338550743,118543.99127555067,0.18543991275550664,0.07325112109956766
2025-11-03,125689.22517824451,0.256892251782445,117831.6576197102,0.17831657619710195,0.07857567558534306
2025-11-04,125683.06944225436,0.2568306944225436,118227.39937830449,0.18227399378304487,0.07455670063949871
2025-11-05,125576.33272020178,0.2557633272020179,118415.37841196966,0.18415378411969674,0.07160954308232115
2025-11-06,125663.37803950626,0.2566337803950627,118405.48279226459,0.18405482792264594,0.07257895247241675
2025-11-07,125569.55354580768,0.2556955354580768,118969.41234511393,0.18969412345113934,0.06600141200693743
2025-11-10,126216.78727061773,0.26216787270617736,119196.96630945316,0.19196966309453156,0.0701982096116458
2025-11-11,127181.59500305186,0.2718159500305186,120740.35086501001,0.20740350865010004,0.06441244138041857
2025-11-12,127739.2445218733,0.2773924452187331,121452.68452085047,0.21452684520850474,0.06286560001022834
2025-11-13,127540.9761926301,0.27540976192630096,121808.8513487707,0.21808851348770686,0.0573212484385941
2025-11-14,126891.51742407118,0.2689151742407119,121027.2634512872,0.21027263451287204,0.05864253972783984
